locale,title,short_description,full_description
en-US,DizzitApp,"Stablecoin-powered commerce & finance for Africa. Pay bills, shop & earn.","DizzitApp by DizzitUp — The stablecoin-powered commerce and finance suite for Africa.

The all-in-one marketplace for taking care of your loved ones in Africa with peace of mind. Pay bills, recharge airtime, buy gift cards, shop essential goods from local African merchants, and send stablecoins — all powered by blockchain. Whether you're in the diaspora supporting family back home or a merchant accepting global payments, DizzitApp gives you instant, secure, and low-fee access to 42+ African countries using USDC, USDT, EURC, and more.

SUPPORT • EARN • GROW

▸ PAY BILLS & MOBILE RECHARGE
• Pay electricity, gas, water, internet, and TV subscriptions instantly
• Top up airtime and data for any mobile operator in 40+ African countries
• Healthcare, education, and government service payments
• Auto-detect operators by phone number
• Send recharges to family and beneficiaries anywhere in the world
• Buy gift cards for major brands: shopping, gaming, streaming, food

▸ SHOPS & BUY GOODS
• Browse and buy essential goods from local and verified African merchants
• Product catalog: electronics, fashion, groceries, furniture, healthcare
• Purchase essentials directly for your loved ones — no middleman
• Discover nearby shops and new businesses in your country
• Share and refer businesses to grow the African commerce ecosystem

▸ SMART WALLET & MOBILE MONEY
• Multi-currency wallet supporting stablecoins and digital assets
• Balance displayed in your local currency (auto-geolocalized: XOF, XAF, MGA, DZD, EUR, USD, and more)
• Top up via credit/debit card, Mobile Money (Orange Money, Wave, MTN MoMo), or bank transfer
• Withdraw to Mobile Money or bank account in local currency
• Swap tokens across chains with real-time quotes
• Full transaction history with detailed receipts

▸ SEND & RECEIVE STABLECOINS
• Send stablecoins instantly to contacts across Africa and worldwide
• Multi-chain support: Polygon, Ethereum, Solana, Base, BNB Chain
• QR code scanning for fast peer-to-peer transfers
• Zero-fee transfers between DizzitApp wallets
• Instant cross-border settlement — no banking delays

▸ MERCHANT TOOLS — FOR BUSINESSES & FREELANCERS
• Built-in Point of Sale (POS) cash register
• Accept stablecoin payments with QR codes — get paid globally
• Create and manage your online shop
• Separate business dashboard and treasury management
• Multi-currency pricing in local fiat equivalents

▸ AI ASSISTANT — AMINATA
• Ask Aminata, DizzitApp's built-in AI assistant, for help
• Get guidance on transfers, fees, account setup, and troubleshooting
• Smart navigation: Aminata can direct you to any feature in the app

▸ LOYALTY & REWARDS
• Loyalty program with exclusive member perks
• Earn rewards for referrals and activity
• Manage beneficiaries: save family, friends, and contacts
• Contact sync for quick stablecoin transfers

▸ SECURITY & PRIVACY
• Secure authentication with PIN code and biometrics
• Non-custodial smart wallets — you control your assets
• Encrypted data storage
• Privacy-first design

▸ BUILT FOR AFRICA & THE DIASPORA
• Available in 5 languages: French, English, Arabic, Amharic, Portuguese
• Covers 42+ African countries
• Auto-adapts currency and services to your location
• Local exchange: convert stablecoins to cash at nearby agents

▸ SUPPORT
• In-app AI support via Aminata
• Contact us directly from the app
• Website: dizzitup.com

Download DizzitApp and join the premier stablecoin-powered commerce and finance platform built for Africa. Support your loved ones, earn rewards, and grow together."
fr-FR,DizzitApp,"Commerce et finance par stablecoins pour l'Afrique. Payez, achetez, gagnez.","DizzitApp par DizzitUp — La suite de commerce et de finance propulsée par les stablecoins pour l'Afrique.

La marketplace tout-en-un pour prendre soin de vos proches en Afrique en toute sérénité. Payez des factures, rechargez du crédit mobile, achetez des cartes cadeaux, faites vos achats auprès de commerçants africains locaux et envoyez des stablecoins — le tout propulsé par la blockchain. Que vous soyez dans la diaspora soutenant votre famille au pays ou un commerçant acceptant des paiements internationaux, DizzitApp vous offre un accès instantané, sécurisé et à faibles frais dans plus de 42 pays africains avec USDC, USDT, EURC et plus encore.

SOUTENIR • GAGNER • GRANDIR

▸ PAIEMENT DE FACTURES & RECHARGE MOBILE
• Payez électricité, gaz, eau, internet et abonnements TV instantanément
• Rechargez crédit et data pour tout opérateur mobile dans 40+ pays africains
• Paiements santé, éducation et services gouvernementaux
• Détection automatique de l'opérateur par numéro de téléphone
• Envoyez des recharges à votre famille et bénéficiaires partout dans le monde
• Achetez des cartes cadeaux de grandes marques : shopping, gaming, streaming, alimentation

▸ BOUTIQUES & ACHAT DE BIENS
• Parcourez et achetez des biens essentiels auprès de commerçants africains vérifiés
• Catalogue produits : électronique, mode, épicerie, mobilier, santé
• Achetez des biens essentiels directement pour vos proches — sans intermédiaire
• Découvrez les boutiques à proximité et les nouvelles entreprises de votre pays
• Parrainez des entreprises pour développer le commerce africain

▸ PORTEFEUILLE INTELLIGENT & MOBILE MONEY
• Portefeuille multi-devises compatible stablecoins et actifs numériques
• Solde affiché dans votre devise locale (géolocalisation auto : XOF, XAF, MGA, DZD, EUR, USD, etc.)
• Rechargez via carte bancaire, Mobile Money (Orange Money, Wave, MTN MoMo) ou virement bancaire
• Retirez vers Mobile Money ou compte bancaire en devise locale
• Échangez des tokens entre chaînes avec des cotations en temps réel
• Historique complet des transactions avec reçus détaillés

▸ ENVOI & RÉCEPTION DE STABLECOINS
• Envoyez des stablecoins instantanément à vos contacts en Afrique et dans le monde
• Support multi-chaînes : Polygon, Ethereum, Solana, Base, BNB Chain
• Scan QR code pour des transferts pair-à-pair rapides
• Transferts sans frais entre portefeuilles DizzitApp
• Règlement transfrontalier instantané — sans délai bancaire

▸ OUTILS MARCHANDS — POUR ENTREPRISES & FREELANCES
• Caisse enregistreuse (POS) intégrée
• Acceptez les paiements en stablecoins par QR code — soyez payé mondialement
• Créez et gérez votre boutique en ligne
• Tableau de bord professionnel et gestion de trésorerie
• Tarification multi-devises en équivalent monnaie locale

▸ ASSISTANT IA — AMINATA
• Demandez à Aminata, l'assistante IA intégrée de DizzitApp
• Obtenez des conseils sur les transferts, frais, configuration de compte et dépannage
• Navigation intelligente : Aminata vous guide vers toutes les fonctionnalités

▸ FIDÉLITÉ & RÉCOMPENSES
• Programme de fidélité avec avantages exclusifs
• Gagnez des récompenses pour vos parrainages et votre activité
• Gérez vos bénéficiaires : famille, amis et contacts
• Synchronisation des contacts pour des transferts rapides

▸ SÉCURITÉ & CONFIDENTIALITÉ
• Authentification sécurisée par code PIN et biométrie
• Portefeuilles non-custodiaux — vous contrôlez vos actifs
• Stockage de données chiffré
• Conception axée sur la confidentialité

▸ CONÇU POUR L'AFRIQUE & LA DIASPORA
• Disponible en 5 langues : français, anglais, arabe, amharique, portugais
• Couvre plus de 42 pays africains
• Adapte automatiquement la devise et les services à votre localisation
• Échange local : convertissez vos stablecoins en espèces chez des agents locaux

▸ SUPPORT
• Support IA intégré via Aminata
• Contactez-nous directement depuis l'application
• Site web : dizzitup.com

Téléchargez DizzitApp et rejoignez la première plateforme de commerce et de finance par stablecoins conçue pour l'Afrique. Soutenez vos proches, gagnez des récompenses et grandissez ensemble."
ar,DizzitApp,"تجارة ومالية بالعملات المستقرة لأفريقيا. ادفع فواتيرك، تسوّق واكسب.","DizzitApp من DizzitUp — منصة التجارة والمالية المدعومة بالعملات المستقرة لأفريقيا.

السوق الشامل للاعتناء بأحبائك في أفريقيا بكل راحة بال. ادفع الفواتير، اشحن رصيد الهاتف، اشترِ بطاقات الهدايا، تسوّق السلع الأساسية من التجار الأفارقة المحليين، وأرسل العملات المستقرة — كل ذلك مدعوم بتقنية البلوكتشين. سواء كنت في المهجر تدعم عائلتك في الوطن أو تاجرًا يقبل المدفوعات العالمية، يمنحك DizzitApp وصولاً فوريًا وآمنًا وبرسوم منخفضة إلى أكثر من 42 دولة أفريقية باستخدام USDC وUSDT وEURC والمزيد.

ادعم • اكسب • انمُ

▸ دفع الفواتير وشحن الرصيد
• ادفع فواتير الكهرباء والغاز والماء والإنترنت واشتراكات التلفزيون فورًا
• اشحن رصيد المكالمات والبيانات لأي مشغل هاتف في أكثر من 40 دولة أفريقية
• مدفوعات الصحة والتعليم والخدمات الحكومية
• كشف تلقائي للمشغل عبر رقم الهاتف
• أرسل شحنات لعائلتك والمستفيدين في أي مكان في العالم
• اشترِ بطاقات هدايا لعلامات تجارية كبرى: تسوق، ألعاب، بث، طعام

▸ المتاجر وشراء السلع
• تصفّح واشترِ السلع الأساسية من تجار أفارقة معتمدين
• كتالوج المنتجات: إلكترونيات، أزياء، بقالة، أثاث، صحة
• اشترِ الأساسيات مباشرة لأحبائك — بدون وسيط
• اكتشف المتاجر القريبة والأعمال الجديدة في بلدك
• شارك وأحِل الأعمال لتنمية التجارة الأفريقية

▸ المحفظة الذكية والموبايل موني
• محفظة متعددة العملات تدعم العملات المستقرة والأصول الرقمية
• الرصيد معروض بعملتك المحلية (تحديد تلقائي للموقع)
• اشحن عبر بطاقة بنكية أو Mobile Money أو تحويل بنكي
• اسحب إلى Mobile Money أو حساب بنكي بالعملة المحلية
• بادل التوكنات عبر السلاسل بأسعار لحظية
• سجل معاملات كامل مع إيصالات مفصلة

▸ إرسال واستقبال العملات المستقرة
• أرسل عملات مستقرة فورًا إلى جهات اتصالك في أفريقيا والعالم
• دعم متعدد السلاسل: Polygon، Ethereum، Solana، Base، BNB Chain
• مسح رمز QR لتحويلات سريعة
• تحويلات بدون رسوم بين محافظ DizzitApp
• تسوية عابرة للحدود فورية — بدون تأخير بنكي

▸ أدوات التجار — للأعمال والمستقلين
• صندوق نقاط بيع (POS) مدمج
• اقبل المدفوعات بالعملات المستقرة عبر رمز QR
• أنشئ وأدر متجرك الإلكتروني
• لوحة تحكم مهنية وإدارة خزينة
• تسعير متعدد العملات بالمقابل المحلي

▸ المساعدة الذكية — أمينة
• اسأل أمينة، المساعدة الذكية المدمجة في DizzitApp
• احصل على إرشادات حول التحويلات والرسوم وإعداد الحساب
• تنقل ذكي: أمينة توجهك إلى أي ميزة في التطبيق

▸ الولاء والمكافآت
• برنامج ولاء بمزايا حصرية
• اكسب مكافآت عبر الإحالات ونشاطك
• أدر المستفيدين: احفظ العائلة والأصدقاء وجهات الاتصال

▸ الأمان والخصوصية
• مصادقة آمنة برمز PIN والبصمة البيومترية
• محافظ غير حفظية — أنت تتحكم بأصولك
• تخزين بيانات مشفر

▸ مصمم لأفريقيا والمهجر
• متوفر بـ 5 لغات: الفرنسية، الإنجليزية، العربية، الأمهرية، البرتغالية
• يغطي أكثر من 42 دولة أفريقية
• يتكيف تلقائيًا مع العملة والخدمات حسب موقعك

▸ الدعم
• دعم ذكي مدمج عبر أمينة
• تواصل معنا مباشرة من التطبيق
• الموقع: dizzitup.com

حمّل DizzitApp وانضم إلى أول منصة تجارة ومالية بالعملات المستقرة مصممة لأفريقيا. ادعم أحباءك، اكسب مكافآت وانمُ معًا."
am,DizzitApp,"ለአፍሪካ በተረጋጋ ሳንቲም ንግድ እና ፋይናንስ። ሂሳብ ይክፈሉ፣ ይግዙ እና ያግኙ።","DizzitApp ከDizzitUp — ለአፍሪካ የተዘጋጀ በተረጋጋ ሳንቲም የሚሰራ ንግድ እና ፋይናንስ።

በአፍሪካ ያሉ ውድ ሰዎችዎን በሰላም ለመንከባከብ ሁሉን-በ-አንድ ገበያ። ሂሳቦችን ይክፈሉ፣ የሞባይል ቀሪ ሂሳብ ያድሱ፣ የስጦታ ካርዶችን ይግዙ፣ ከአካባቢ አፍሪካዊ ነጋዴዎች አስፈላጊ እቃዎችን ይግዙ እና ተረጋጋ ሳንቲሞችን ይላኩ — ሁሉም በብሎክቼይን ቴክኖሎጂ።

ደግፍ • አግኝ • አድግ

▸ ሂሳብ ክፍያ እና ሞባይል ሪቻርጅ
• ኤሌክትሪክ፣ ጋዝ፣ ውሃ፣ ኢንተርኔት እና የቲቪ ምዝገባዎችን በቅጽበት ይክፈሉ
• ከ40+ አፍሪካ ሀገራት ለማንኛውም ሞባይል ኦፕሬተር ክሬዲት እና ዳታ ያድሱ
• ጤና፣ ትምህርት እና የመንግስት አገልግሎት ክፍያዎች
• ለቤተሰብ እና ለተጠቃሚዎች በዓለም ዙሪያ ሪቻርጅ ይላኩ
• ለታዋቂ ብራንዶች የስጦታ ካርዶች ይግዙ

▸ ሱቆች እና እቃ ግዢ
• ከተረጋገጡ አፍሪካዊ ነጋዴዎች አስፈላጊ እቃዎችን ይፈልጉ እና ይግዙ
• የምርት ካታሎግ፡ ኤሌክትሮኒክስ፣ ፋሽን፣ ግሮሰሪ፣ ፈርኒቸር፣ ጤና
• ለውድ ሰዎችዎ በቀጥታ አስፈላጊ እቃዎችን ይግዙ — ያለ አማላጅ
• በአካባቢዎ ያሉ ሱቆችን እና አዳዲስ ንግዶችን ያግኙ

▸ ስማርት ዋሌት እና ሞባይል ማኒ
• ተረጋጋ ሳንቲሞችን እና ዲጂታል ንብረቶችን የሚደግፍ ብዙ-ምንዛሪ ዋሌት
• ቀሪ ሂሳብ በአካባቢ ምንዛሪዎ ይታያል
• በክሬዲት ካርድ፣ ሞባይል ማኒ ወይም ባንክ ትራንስፈር ያድሱ
• ወደ ሞባይል ማኒ ወይም ባንክ ሂሳብ በአካባቢ ምንዛሪ ይውጡ
• ቶከኖችን በቼይኖች መካከል ይቀያይሩ

▸ ተረጋጋ ሳንቲሞች መላኪያ እና መቀበያ
• ተረጋጋ ሳንቲሞችን በቅጽበት ወደ ኮንታክቶችዎ ይላኩ
• ብዙ-ቼይን ድጋፍ፡ Polygon፣ Ethereum፣ Solana፣ Base፣ BNB Chain
• QR ኮድ ስካን ለፈጣን ትራንስፈሮች
• በDizzitApp ዋሌቶች መካከል ያለ ክፍያ ትራንስፈሮች

▸ የነጋዴ መሳሪያዎች
• አብሮ-የተገነባ POS ገንዘብ መመዝገቢያ
• በQR ኮድ ተረጋጋ ሳንቲም ክፍያዎችን ይቀበሉ
• የመስመር ላይ ሱቅዎን ይፍጠሩ እና ያስተዳድሩ

▸ AI ረዳት — አሚናታ
• የDizzitApp AI ረዳት አሚናታን ይጠይቁ
• ስለ ትራንስፈሮች፣ ክፍያዎች እና ሂሳብ ማዋቀር መመሪያ ያግኙ

▸ ታማኝነት እና ሽልማቶች
• ልዩ ጥቅማጥቅሞች ያሉት የታማኝነት ፕሮግራም
• ለማጋባት እና ለእንቅስቃሴ ሽልማቶችን ያግኙ

▸ ደህንነት እና ግላዊነት
• በPIN ኮድ እና ባዮሜትሪክስ ደህንነቱ የተጠበቀ ማረጋገጫ
• ኖን-ከስቶዲያል ስማርት ዋሌቶች
• የተመሰጠረ ዳታ ማከማቻ

▸ ለአፍሪካ እና ለውጭ ኗሪዎች
• በ5 ቋንቋዎች ይገኛል
• ከ42+ አፍሪካ ሀገራት ይሸፍናል

▸ ድጋፍ
• በአሚናታ AI ድጋፍ
• ድረ-ገጽ፡ dizzitup.com

DizzitApp ያውርዱ እና ለአፍሪካ የተገነባውን ቀዳሚ ንግድ እና ፋይናንስ መድረክ ይቀላቀሉ።"
pt-PT,DizzitApp,"Comércio e finanças com stablecoins para África. Pague contas, compre e ganhe.","DizzitApp da DizzitUp — A suite de comércio e finanças alimentada por stablecoins para África.

O marketplace tudo-em-um para cuidar dos seus entes queridos em África com tranquilidade. Pague contas, recarregue telemóvel, compre cartões presente, faça compras de bens essenciais junto de comerciantes africanos locais e envie stablecoins — tudo alimentado por blockchain. Quer esteja na diáspora apoiando a sua família no país de origem ou seja um comerciante aceitando pagamentos globais, o DizzitApp oferece-lhe acesso instantâneo, seguro e com taxas baixas a mais de 42 países africanos usando USDC, USDT, EURC e muito mais.

APOIAR • GANHAR • CRESCER

▸ PAGAMENTO DE CONTAS E RECARGA MÓVEL
• Pague eletricidade, gás, água, internet e assinaturas de TV instantaneamente
• Recarregue saldo e dados para qualquer operadora móvel em mais de 40 países africanos
• Pagamentos de saúde, educação e serviços governamentais
• Deteção automática da operadora pelo número de telefone
• Envie recargas para família e beneficiários em qualquer lugar do mundo
• Compre cartões presente de grandes marcas: compras, jogos, streaming, alimentação

▸ LOJAS E COMPRA DE BENS
• Navegue e compre bens essenciais de comerciantes africanos verificados
• Catálogo de produtos: eletrónica, moda, mercearia, mobiliário, saúde
• Compre essenciais diretamente para os seus entes queridos — sem intermediários
• Descubra lojas próximas e novos negócios no seu país
• Partilhe e refira negócios para fazer crescer o comércio africano

▸ CARTEIRA INTELIGENTE E MOBILE MONEY
• Carteira multi-moeda com suporte a stablecoins e ativos digitais
• Saldo apresentado na sua moeda local (geolocalização automática)
• Carregue via cartão bancário, Mobile Money (Orange Money, Wave, MTN MoMo) ou transferência bancária
• Levante para Mobile Money ou conta bancária em moeda local
• Troque tokens entre cadeias com cotações em tempo real
• Histórico completo de transações com recibos detalhados

▸ ENVIO E RECEÇÃO DE STABLECOINS
• Envie stablecoins instantaneamente para contactos em África e no mundo
• Suporte multi-cadeia: Polygon, Ethereum, Solana, Base, BNB Chain
• Digitalização de código QR para transferências peer-to-peer rápidas
• Transferências sem taxas entre carteiras DizzitApp
• Liquidação transfronteiriça instantânea — sem atrasos bancários

▸ FERRAMENTAS PARA COMERCIANTES — PARA NEGÓCIOS E FREELANCERS
• Caixa registadora (POS) integrada
• Aceite pagamentos em stablecoins por código QR — receba pagamentos globalmente
• Crie e gerencie a sua loja online
• Painel de negócios separado e gestão de tesouraria
• Preços multi-moeda em equivalente de moeda local

▸ ASSISTENTE IA — AMINATA
• Pergunte à Aminata, a assistente IA integrada do DizzitApp
• Obtenha orientação sobre transferências, taxas, configuração de conta e resolução de problemas
• Navegação inteligente: Aminata direciona-o para qualquer funcionalidade da aplicação

▸ FIDELIDADE E RECOMPENSAS
• Programa de fidelidade com benefícios exclusivos
• Ganhe recompensas por referências e atividade
• Gerencie beneficiários: guarde família, amigos e contactos
• Sincronização de contactos para transferências rápidas

▸ SEGURANÇA E PRIVACIDADE
• Autenticação segura com código PIN e biometria
• Carteiras não-custodiais — controla os seus ativos
• Armazenamento de dados encriptado
• Design focado na privacidade

▸ FEITO PARA ÁFRICA E A DIÁSPORA
• Disponível em 5 idiomas: francês, inglês, árabe, amárico, português
• Cobre mais de 42 países africanos
• Adapta automaticamente moeda e serviços à sua localização
• Troca local: converta stablecoins em dinheiro junto de agentes locais

▸ SUPORTE
• Suporte IA integrado via Aminata
• Contacte-nos diretamente pela aplicação
• Website: dizzitup.com

Descarregue o DizzitApp e junte-se à principal plataforma de comércio e finanças por stablecoins feita para África. Apoie os seus entes queridos, ganhe recompensas e cresçam juntos."
